{"cameraMode":{"drawMode":0,"name":"Shaded","section":"Shading Mode"},"sceneLighting":true,"audioPlay":false,"sceneViewState":{"m_AlwaysRefresh":false,"showFog":true,"showSkybox":false,"showFlares":true,"showImageEffects":true,"showParticleSystems":true,"showVisualEffectGraphs":true,"m_FxEnabled":true},"in2DMode":false,"pivot":{"x":24.712419509887697,"y":13.494672775268555,"z":8.372591018676758},"rotation":{"x":-0.13345429301261903,"y":0.7817090153694153,"z":-0.17916837334632874,"w":-0.5822576284408569},"size":0.39011940360069277,"orthographic":false}