{"cameraMode":{"drawMode":0,"name":"Shaded","section":"Shading Mode"},"sceneLighting":true,"audioPlay":false,"sceneViewState":{"m_AlwaysRefresh":false,"showFog":true,"showSkybox":false,"showFlares":true,"showImageEffects":true,"showParticleSystems":true,"showVisualEffectGraphs":true,"m_FxEnabled":true},"in2DMode":false,"pivot":{"x":3.781806707382202,"y":8.922988891601563,"z":6.511285781860352},"rotation":{"x":0.029397398233413698,"y":0.8836907744407654,"z":-0.4637831449508667,"w":0.056013353168964389},"size":9.966041564941407,"orthographic":false}