{"cameraMode":{"drawMode":0,"name":"Shaded","section":"Shading Mode"},"sceneLighting":true,"audioPlay":false,"sceneViewState":{"m_AlwaysRefresh":false,"showFog":true,"showSkybox":false,"showFlares":true,"showImageEffects":true,"showParticleSystems":true,"showVisualEffectGraphs":true,"m_FxEnabled":true},"in2DMode":false,"pivot":{"x":1.4723665714263917,"y":4.150461196899414,"z":1.5050963163375855},"rotation":{"x":-0.09237214922904968,"y":0.8777400851249695,"z":-0.43084824085235598,"w":-0.1881842017173767},"size":11.981443405151368,"orthographic":false}